Datetime,Water Level (m)
2025-07-13 00:00:00,0.2172694
2025-07-13 01:00:00,-0.36596736
2025-07-13 02:00:00,-0.9002142
2025-07-13 03:00:00,-1.160376
2025-07-13 04:00:00,-0.66318923
2025-07-13 05:00:00,0.2847787
2025-07-13 06:00:00,1.1114776
2025-07-13 07:00:00,1.7215546
2025-07-13 08:00:00,2.19072
2025-07-13 09:00:00,2.3282208
2025-07-13 10:00:00,2.1087675
2025-07-13 11:00:00,1.5758343
2025-07-13 12:00:00,0.883557
2025-07-13 13:00:00,0.19005749
2025-07-13 14:00:00,-0.48950306
2025-07-13 15:00:00,-0.91306496
2025-07-13 16:00:00,-0.9443885
2025-07-13 17:00:00,-0.101147786
2025-07-13 18:00:00,0.6843312
2025-07-13 19:00:00,1.2900939
2025-07-13 20:00:00,1.8084341
2025-07-13 21:00:00,2.0629272
2025-07-13 22:00:00,2.017101
2025-07-13 23:00:00,1.6181282
2025-07-14 00:00:00,0.9918085
2025-07-14 01:00:00,0.3285852
2025-07-14 02:00:00,-0.30706015
2025-07-14 03:00:00,-0.7913855
2025-07-14 04:00:00,-0.8626143
2025-07-14 05:00:00,-0.021491865
2025-07-14 06:00:00,0.8565353
2025-07-14 07:00:00,1.5388006
2025-07-14 08:00:00,2.1142435
2025-07-14 09:00:00,2.4478765
2025-07-14 10:00:00,2.4270403
2025-07-14 11:00:00,2.0488927
2025-07-14 12:00:00,1.3886526
2025-07-14 13:00:00,0.6699661
2025-07-14 14:00:00,0.027338747
2025-07-14 15:00:00,-0.6612323
2025-07-14 16:00:00,-1.032878
2025-07-14 17:00:00,-0.79112816
2025-07-14 18:00:00,0.068671055
2025-07-14 19:00:00,0.8264804
2025-07-14 20:00:00,1.3712745
2025-07-14 21:00:00,1.8041
2025-07-14 22:00:00,1.9664063
2025-07-14 23:00:00,1.8046418
2025-07-15 00:00:00,1.3428242
2025-07-15 01:00:00,0.70388985
2025-07-15 02:00:00,0.04648081
2025-07-15 03:00:00,-0.58390224
2025-07-15 04:00:00,-0.942228
2025-07-15 05:00:00,-0.76941824
2025-07-15 06:00:00,0.1883573
2025-07-15 07:00:00,0.9928116
2025-07-15 08:00:00,1.6032224
2025-07-15 09:00:00,2.0964675
2025-07-15 10:00:00,2.3116858
2025-07-15 11:00:00,2.1685207
2025-07-15 12:00:00,1.703868
2025-07-15 13:00:00,1.0234903
2025-07-15 14:00:00,0.3177831
2025-07-15 15:00:00,-0.33275196
2025-07-15 16:00:00,-0.8862573
2025-07-15 17:00:00,-1.1459464
2025-07-15 18:00:00,-0.5685427
2025-07-15 19:00:00,0.29117778
2025-07-15 20:00:00,1.002709
2025-07-15 21:00:00,1.5011433
2025-07-15 22:00:00,1.8887234
2025-07-15 23:00:00,1.9730232
2025-07-16 00:00:00,1.6990944
2025-07-16 01:00:00,1.1864011
2025-07-16 02:00:00,0.5462887
2025-07-16 03:00:00,-0.07968492
2025-07-16 04:00:00,-0.66685927
2025-07-16 05:00:00,-0.93648535
2025-07-16 06:00:00,-0.5320821
2025-07-16 07:00:00,0.36689502
2025-07-16 08:00:00,1.0966463
2025-07-16 09:00:00,1.6434371
2025-07-16 10:00:00,2.0611055
2025-07-16 11:00:00,2.1963499
2025-07-16 12:00:00,1.9619987
2025-07-16 13:00:00,1.4468765
2025-07-16 14:00:00,0.76576555
2025-07-16 15:00:00,0.09612393
2025-07-16 16:00:00,-0.5412448
2025-07-16 17:00:00,-0.993905
2025-07-16 18:00:00,-1.061069
2025-07-16 19:00:00,-0.3282199
2025-07-16 20:00:00,0.4655671
2025-07-16 21:00:00,1.1119255
2025-07-16 22:00:00,1.5893236
2025-07-16 23:00:00,1.8980058
2025-07-17 00:00:00,1.9270079
2025-07-17 01:00:00,1.6067588
2025-07-17 02:00:00,1.0688423
2025-07-17 03:00:00,0.43542063
2025-07-17 04:00:00,-0.1493902
2025-07-17 05:00:00,-0.66582763
2025-07-17 06:00:00,-0.86452603
2025-07-17 07:00:00,-0.39397225
2025-07-17 08:00:00,0.41499317
2025-07-17 09:00:00,1.0534616
2025-07-17 10:00:00,1.5313531
2025-07-17 11:00:00,1.8757528
2025-07-17 12:00:00,1.9456968
2025-07-17 13:00:00,1.6583815
2025-07-17 14:00:00,1.1328397
2025-07-17 15:00:00,0.47820354
2025-07-17 16:00:00,-0.12539588
2025-07-17 17:00:00,-0.7139701
2025-07-17 18:00:00,-1.0959485
2025-07-17 19:00:00,-1.0113529
2025-07-17 20:00:00,-0.24490821
2025-07-17 21:00:00,0.4820842
2025-07-17 22:00:00,1.0859243
2025-07-17 23:00:00,1.5411959
2025-07-18 00:00:00,1.8278934
2025-07-18 01:00:00,1.8387499
2025-07-18 02:00:00,1.5264932
2025-07-18 03:00:00,1.0035967
2025-07-18 04:00:00,0.40445
2025-07-18 05:00:00,-0.16306302
2025-07-18 06:00:00,-0.62999475
2025-07-18 07:00:00,-0.8026489
2025-07-18 08:00:00,-0.38007367
2025-07-18 09:00:00,0.3223113
2025-07-18 10:00:00,0.9035984
2025-07-18 11:00:00,1.336784
2025-07-18 12:00:00,1.6534307
2025-07-18 13:00:00,1.7193853
2025-07-18 14:00:00,1.4717785
2025-07-18 15:00:00,0.99763423
2025-07-18 16:00:00,0.4043329
2025-07-18 17:00:00,-0.17468698
2025-07-18 18:00:00,-0.6930508
2025-07-18 19:00:00,-1.0285883
2025-07-18 20:00:00,-0.90537715
2025-07-18 21:00:00,-0.20285355
2025-07-18 22:00:00,0.4883315
2025-07-18 23:00:00,1.0655458
2025-07-19 00:00:00,1.5218474
